name,type,direction,description
smiles_00,string,,Queried molecule index 0 using the CHEESE service
smiles_01,string,,Queried molecule index 1 using the CHEESE service
smiles_02,string,,Queried molecule index 2 using the CHEESE service
smiles_03,string,,Queried molecule index 3 using the CHEESE service
smiles_04,string,,Queried molecule index 4 using the CHEESE service
smiles_05,string,,Queried molecule index 5 using the CHEESE service
smiles_06,string,,Queried molecule index 6 using the CHEESE service
smiles_07,string,,Queried molecule index 7 using the CHEESE service
smiles_08,string,,Queried molecule index 8 using the CHEESE service
smiles_09,string,,Queried molecule index 9 using the CHEESE service
smiles_10,string,,Queried molecule index 10 using the CHEESE service
smiles_11,string,,Queried molecule index 11 using the CHEESE service
smiles_12,string,,Queried molecule index 12 using the CHEESE service
smiles_13,string,,Queried molecule index 13 using the CHEESE service
smiles_14,string,,Queried molecule index 14 using the CHEESE service
smiles_15,string,,Queried molecule index 15 using the CHEESE service
smiles_16,string,,Queried molecule index 16 using the CHEESE service
smiles_17,string,,Queried molecule index 17 using the CHEESE service
smiles_18,string,,Queried molecule index 18 using the CHEESE service
smiles_19,string,,Queried molecule index 19 using the CHEESE service
smiles_20,string,,Queried molecule index 20 using the CHEESE service
smiles_21,string,,Queried molecule index 21 using the CHEESE service
smiles_22,string,,Queried molecule index 22 using the CHEESE service
smiles_23,string,,Queried molecule index 23 using the CHEESE service
smiles_24,string,,Queried molecule index 24 using the CHEESE service
smiles_25,string,,Queried molecule index 25 using the CHEESE service
smiles_26,string,,Queried molecule index 26 using the CHEESE service
smiles_27,string,,Queried molecule index 27 using the CHEESE service
smiles_28,string,,Queried molecule index 28 using the CHEESE service
smiles_29,string,,Queried molecule index 29 using the CHEESE service
smiles_30,string,,Queried molecule index 30 using the CHEESE service
smiles_31,string,,Queried molecule index 31 using the CHEESE service
smiles_32,string,,Queried molecule index 32 using the CHEESE service
smiles_33,string,,Queried molecule index 33 using the CHEESE service
smiles_34,string,,Queried molecule index 34 using the CHEESE service
smiles_35,string,,Queried molecule index 35 using the CHEESE service
smiles_36,string,,Queried molecule index 36 using the CHEESE service
smiles_37,string,,Queried molecule index 37 using the CHEESE service
smiles_38,string,,Queried molecule index 38 using the CHEESE service
smiles_39,string,,Queried molecule index 39 using the CHEESE service
smiles_40,string,,Queried molecule index 40 using the CHEESE service
smiles_41,string,,Queried molecule index 41 using the CHEESE service
smiles_42,string,,Queried molecule index 42 using the CHEESE service
smiles_43,string,,Queried molecule index 43 using the CHEESE service
smiles_44,string,,Queried molecule index 44 using the CHEESE service
smiles_45,string,,Queried molecule index 45 using the CHEESE service
smiles_46,string,,Queried molecule index 46 using the CHEESE service
smiles_47,string,,Queried molecule index 47 using the CHEESE service
smiles_48,string,,Queried molecule index 48 using the CHEESE service
smiles_49,string,,Queried molecule index 49 using the CHEESE service
smiles_50,string,,Queried molecule index 50 using the CHEESE service
smiles_51,string,,Queried molecule index 51 using the CHEESE service
smiles_52,string,,Queried molecule index 52 using the CHEESE service
smiles_53,string,,Queried molecule index 53 using the CHEESE service
smiles_54,string,,Queried molecule index 54 using the CHEESE service
smiles_55,string,,Queried molecule index 55 using the CHEESE service
smiles_56,string,,Queried molecule index 56 using the CHEESE service
smiles_57,string,,Queried molecule index 57 using the CHEESE service
smiles_58,string,,Queried molecule index 58 using the CHEESE service
smiles_59,string,,Queried molecule index 59 using the CHEESE service
smiles_60,string,,Queried molecule index 60 using the CHEESE service
smiles_61,string,,Queried molecule index 61 using the CHEESE service
smiles_62,string,,Queried molecule index 62 using the CHEESE service
smiles_63,string,,Queried molecule index 63 using the CHEESE service
smiles_64,string,,Queried molecule index 64 using the CHEESE service
smiles_65,string,,Queried molecule index 65 using the CHEESE service
smiles_66,string,,Queried molecule index 66 using the CHEESE service
smiles_67,string,,Queried molecule index 67 using the CHEESE service
smiles_68,string,,Queried molecule index 68 using the CHEESE service
smiles_69,string,,Queried molecule index 69 using the CHEESE service
smiles_70,string,,Queried molecule index 70 using the CHEESE service
smiles_71,string,,Queried molecule index 71 using the CHEESE service
smiles_72,string,,Queried molecule index 72 using the CHEESE service
smiles_73,string,,Queried molecule index 73 using the CHEESE service
smiles_74,string,,Queried molecule index 74 using the CHEESE service
smiles_75,string,,Queried molecule index 75 using the CHEESE service
smiles_76,string,,Queried molecule index 76 using the CHEESE service
smiles_77,string,,Queried molecule index 77 using the CHEESE service
smiles_78,string,,Queried molecule index 78 using the CHEESE service
smiles_79,string,,Queried molecule index 79 using the CHEESE service
smiles_80,string,,Queried molecule index 80 using the CHEESE service
smiles_81,string,,Queried molecule index 81 using the CHEESE service
smiles_82,string,,Queried molecule index 82 using the CHEESE service
smiles_83,string,,Queried molecule index 83 using the CHEESE service
smiles_84,string,,Queried molecule index 84 using the CHEESE service
smiles_85,string,,Queried molecule index 85 using the CHEESE service
smiles_86,string,,Queried molecule index 86 using the CHEESE service
smiles_87,string,,Queried molecule index 87 using the CHEESE service
smiles_88,string,,Queried molecule index 88 using the CHEESE service
smiles_89,string,,Queried molecule index 89 using the CHEESE service
smiles_90,string,,Queried molecule index 90 using the CHEESE service
smiles_91,string,,Queried molecule index 91 using the CHEESE service
smiles_92,string,,Queried molecule index 92 using the CHEESE service
smiles_93,string,,Queried molecule index 93 using the CHEESE service
smiles_94,string,,Queried molecule index 94 using the CHEESE service
smiles_95,string,,Queried molecule index 95 using the CHEESE service
smiles_96,string,,Queried molecule index 96 using the CHEESE service
smiles_97,string,,Queried molecule index 97 using the CHEESE service
smiles_98,string,,Queried molecule index 98 using the CHEESE service
smiles_99,string,,Queried molecule index 99 using the CHEESE service
